variable,n,mean,sd,min,max
age,5000,53.43320000000003,20.931668942369154,18,89
ai_diagnosis_confidence,5000,77.92337878984846,8.559263723892133,41.86779405214624,98
patient_satisfaction,5000,3.4062000000000006,0.8142076804043098,1,5
recovery_time,5000,6.0501999999999985,2.3938308305327296,1,15
